	model	mean	std
0	KGAT	0.003845551013946533	0.0005993911693219338
1	MKR	5.639227576255799	2.1322642125636144
2	KGCN	0.42347470760345457	0.003296888961526052
3	CKE	0.002607426643371582	0.00028145367736634436
4	RippleNet	0.29594840049743654	0.001912395980548988
5	ItemKNN	0.06548459053039551	0.0007689469560237004
6	BPR	0.0024643802642822267	0.00022786163791795725
